,pearson,spearman,abs_diff
transactions_per_month,-0.6510663481775488,-0.671496467948816,0.020430119771267186
engagement,-0.712790853550941,-0.7315251436971927,0.01873429014625172
tenure_months,-0.4733507197820525,-0.4709971935085602,0.0023535262734923346
monthly_spend,-0.45082824885799894,-0.4486687548009448,0.0021594940570541232
support_tickets,0.6854275682433638,0.6858232473329094,0.0003956790895456308
churn,1.0,1.0,0.0
