,transactions_per_month,support_tickets,tenure_months,monthly_spend,churn
transactions_per_month,1.0,-0.7318692686981305,0.5119852389320094,0.6390668008171663,-0.6510663481775488
support_tickets,-0.7318692686981305,1.0,-0.5154111256351186,-0.4470386591099715,0.6854275682433638
tenure_months,0.5119852389320094,-0.5154111256351186,1.0,0.3197460039070219,-0.4733507197820525
monthly_spend,0.6390668008171663,-0.4470386591099715,0.3197460039070219,1.0,-0.45082824885799894
churn,-0.6510663481775488,0.6854275682433638,-0.4733507197820525,-0.45082824885799894,1.0
